Keywords,Occurrences
Security hacker,3
List of security hacking incidents,1
Phreaking,1
Cryptovirology,1
Hacking of consumer electronics,1
List of hackers,1
Hacker culture,2
Hacker ethic,1
Hackathon,1
Hacker Manifesto,1
Hackerspace,1
Hacktivism,3
Maker culture,1
Hacker,2
Black hat (computer security),1
Grey hat,1
White hat (computer security),1
Computer security conference,1
Black Hat Briefings,1
Chaos Communication Congress,1
DEF CON,1
Hackers on Planet Earth,1
Security BSides,1
ShmooCon,1
Summercon,1
Computer crime,2
Crimeware,2
List of computer criminals,1
Script kiddie,1
Hacking tool,1
Exploit (computer security),3
List of digital forensics tools,1
Payload (computing),2
Social engineering (security),7
Vulnerability (computing),3
HackThisSite,1
Zone-H,1
Malware,9
Rootkit,2
Backdoor (computing),3
Trojan horse (computing),4
Computer virus,4
Computer worm,6
Spyware,3
Ransomware,6
Logic bomb,3
Botnet,3
Keystroke logging,4
Host-based intrusion detection system,2
Web shell,2
Arbitrary code execution,2
Infostealer,2
Application security,3
Cloud computing security,2
Network security,4
Hacker group,1
Anonymous (group),2
Chaos Computer Club,1
Homebrew Computer Club,1
Legion of Doom (hacking),1
LulzSec,1
Masters of Deception,1
Red team,1
Blue team (computer security),1
2600: The Hacker Quarterly,1
Hacker News,1
Nuts and Volts,1
Phrack,1
Operating system,3
Process management (computing),1
Interrupt,1
Memory management,1
File system,1
Device driver,1
Computer network,4
Input/output,1
Information security,5
Computer software,1
System,1
Threat (security),1
Computer hardware,2
Software,2
Data (computing),1
Service (economics),1
Computer systems,1
Internet,3
Wireless network standards,1
Smart device,1
Smartphone,2
Television,1
Internet of things,2
Information systems,1
Electric power distribution,1
Election security,1
Finance,1
Passwords,2
Encryption,3
Physical security,2
Lock and key,1
Security convergence,1
Common Vulnerabilities and Exposures,1
Cyberattack,2
Threat (computer security),1
Automated threat,1
United Kingdom Government,1
Small and medium-sized enterprises,1
Man-in-the-middle attack,2
Phishing,6
Watering hole attack,1
Threat (computer),2
Cryptosystem,1
Algorithm,2
Authentication,5
Cybercrime,4
Denial-of-service attacks,1
IP address,1
Denial-of-service attack,3
Zombie computer,1
Physical access,1
Covert listening device,1
CD-ROM,1
Disk encryption,1
Trusted Platform Module,1
DMA attack,1
Eavesdropping,2
Virtual private network,1
HTTPS,1
HTTP,1
Carnivore (FBI),1
Narus (company),1
Federal Bureau of Investigation,1
Internet service provider,1
Electromagnetism,1
Tempest (codename),1
Remote Access Trojan,1
Scareware,2
Acute stress reaction,1
Anxiety,1
Potentially unwanted program,1
Bitcoin,2
Wireless security,1
DNS spoofing,1
Transport Layer Security,3
Email,1
Fiction,1
Sender,1
Confidentiality,2
URL,1
Webpage,1
Email spoofing,3
Instant messaging,2
Text messaging,1
Telephone call,1
Look and feel,1
Privilege escalation,2
Superuser,2
Side-channel attack,1
Cold boot attack,1
Cognitive bias,1
FBI,2
Business email compromise,1
Milwaukee Bucks,1
NBA,1
Peter Feigin (page does not exist),1
Form W-2,1
Spoofing attack,1
IP address spoofing,1
Network packet,1
MAC spoofing,1
MAC address,2
Network interface controller,1
Biometrics,2
Address Resolution Protocol,1
Local area network,1
Trellix,1
Tampering (crime),1
Evasion (network security),1
Evil Maid attack,1
Surveillance,1
HTML,2
Content filter,1
Countermeasure (computer),2
Attack (computing),1
Secure by design,3
Principle of least privilege,1
Hacker (computer security),2
Automated theorem proving,2
Code review,1
Unit testing,1
Defense in depth (computing),1
Fail-safe,1
Safety engineering,1
Audit trail,2
Full disclosure (computer security),1
User account,1
Access control,2
Cryptography,5
Firewall (networking),2
Intrusion Detection System,1
Forensics,1
Data logging,2
Legal,1
Proxy server,1
Firewall (computing),3
Exit procedure,1
Network stack,1
UNIX,1
Linux,2
Kernel (operating system),1
Big data,1
Apache Hadoop,1
Machine learning,2
Advanced persistent threat,2
Vulnerability management,1
Software vulnerability,1
Firmware,1
Vulnerability scanner,1
Open port,1
Penetration test,2
Information technology security assessment,1
Formal verification,1
SeL4,1
SYSGO,1
PikeOS,1
Backup,2
Insurance,1
Two factor authentication,1
Inoculation theory,1
Computer security compromised by hardware failure,1
Dongle,2
Trusted platform module,2
Advanced Encryption Standard,1
Virtual Private Networks,1
Computer case,1
Bluetooth,1
Bluetooth low energy,1
Near-field communication,1
QR code,1
IOMMU,1
Sandbox (computer security),3
Direct memory access,1
Physical unclonable function,1
Security-evaluated operating system,2
Common Criteria,1
Secure coding,3
Correctness (computer science),1
Algorithms,1
Cryptographic protocol,1
Access control list,3
Role-based access control,2
Capability-based security,3
Computer security model,1
Access-control list,1
Mandatory access control,1
Discretionary access control,1
E programming language,1
Personal hygiene,1
Proactive cyber defence,1
Vint Cerf,1
United States Congress,3
United States Senate,1
European Union,2
Security breaches,2
Jurisdiction,1
Law enforcement officer,1
Security breach notification laws,1
Anti-keylogger,1
Anti-malware,1
Anti-spyware,1
Anti-subversion software,1
Anti-tamper software,1
Anti-theft,1
Antivirus software,3
Cryptographic software,1
Computer-aided dispatch,1
Data loss prevention software,1
Intrusion detection system,5
Intrusion prevention system,1
Log management software,1
Parental control,1
Records management,1
Security information management,1
Security information and event management,2
Patch (computing),1
Vulnerability Management,1
U.S. Securities and Exchange Commission,1
Credit card number,1
Bank account,1
Black market,1
Automated teller machine,1
Personal identification number,1
UCLA,1
Credit card,2
Identity management,2
Domain name,1
VoIP,1
Interoperability,1
Open source,1
Source code,1
Visa Debit,1
MasterCard,1
EMV,1
Chip Authentication Program,1
Mall kiosk,1
Telecommunications,1
Power grid,2
Nuclear power plant,1
Stuxnet,2
Computer Emergency Readiness Team,1
Department of Homeland Security,1
Aviation,1
Pan-European Network Service,1
Air navigation service provider,1
Biometric passport,1
Integrated circuit,2
Facial recognition technology,1
Identity fraud,1
UK,1
Australia,1
Fingerprint recognition,1
Electronic ticket,1
Air traffic control,1
Tablet computer,1
Smart watch,1
Mobile devices,1
Quantified self,1
Activity tracker,1
Accelerometers,1
Home automation,1
Nest thermostat,1
Health insurance,1
Telehealth,1
Identity theft,1
Data breach,3
Home Depot,2
Staples Inc.,1
Target Corporation,2
Equifax,1
HBGary Federal,1
Sony Pictures,1
Sony Pictures hack,1
Autonomous car,1
Automated driving system,1
Automotive hacking,1
Cruise control,1
Anti-lock brakes,1
Airbag,1
Advanced driver-assistance systems,1
Connected car,1
Self-driving car,1
Compact disc,1
Controller area network,1
Tesla Motors,1
United States Department of Transportation,1
Monterrey,1
Nuevo León,1
RFID,1
Tracking device,1
Barcode,1
FedEx,1
United Parcel Service,1
Military,1
Traffic light,1
Office of Personnel Management data breach,2
CIA,1
The Pentagon,1
Embedded system,2
Electronics,1
Sensor,1
Internet access,1
Medical device hijack,1
Medical data breach,1
Medical devices,1
Pacemaker,1
Insulin pump,1
Windows XP,1
Food and Drug Administration,4
Medical device manufacturing,1
Pepco,1
Subscriber Identity Module,1
HTTP server,1
Smart card,2
DVD,1
Optical disc,1
Mobile signature,1
Electronic signature,1
Gordon-Loeb Model,1
Expected value,1
Security breach,1
Vandalism,1
KGB,1
Clifford Stoll,1
The Cuckoo's Egg,1
2015 Ukraine power grid hack,1
Nation state,1
Computer security incident management,1
List of cyber-attacks,1
List of data breaches,1
Morris worm,2
Cornell University,1
Robert Tappan Morris,1
Rome Laboratory,1
National Aeronautics and Space Administration,1
TJX Companies,1
Debit card,1
Cheque,1
Nuclear centrifuge,1
Programmable logic controller,1
Global surveillance disclosures (2013–present),1
Edward Snowden,1
The Washington Post,2
The Guardian,1
NSA,1
NIST,2
Google,1
Rescator,1
Self-checkout,1
United States Office of Personnel Management,1
Personally identifiable information,1
Social Security number,1
Ashley Madison data breach,1
Colonial Pipeline ransomware attack,2
Cyber-Attacks,1
Cyber attribution,2
Computer viruses,2
Dynamic DNS,1
Fast flux,1
Bulletproof hosting,1
Cyber-security regulation,1
Cyberspace,2
Virtual space,1
Blockchain,1
Richard A. Clarke,1
RSA Conference,1
San Francisco,1
World peace,1
António Guterres,1
US-CERT,2
AT&T,2
Apple Inc.,2
Cisco,2
McAfee,1
Microsoft,1
Council of Europe,1
France Télécom,1
Facebook,1
Sprint Nextel,1
European Network and Information Security Agency,1
Agency of the European Union,1
European Parliament,1
Council of the European Union,1
General Data Protection Regulation,1
Information privacy,1
TeleTrusT,1
Germany,1
Computer emergency response team,2
Canadian Cyber Incident Response Centre,1
Australian federal government,1
Cybersecurity,2
Clare O'Neil,1
Julie Collins,1
National Cyber Security Policy 2013,1
Indian Computer Emergency Response Team,1
National Cyber Coordination Centre,1
Prime Minister's Office (India),1
United States,1
U.S. Office of Personnel Management,1
Title 18 of the United States Code,2
Computer Fraud and Abuse Act,1
Executive order,1
s:Executive Order 13636,1
NIST Cybersecurity Framework,1
Joe Biden,1
General Services Administration,1
United States Department of Homeland Security,2
Risk management,1
National Cyber Security Division,2
National White Collar Crime Center,1
Bureau of Justice Assistance,1
Internet Crime Complaint Center,1
InfraGard,1
Computer Crime and Intellectual Property Section,1
United States Department of Justice Criminal Division,1
Intellectual property,1
Digital evidence,1
USCYBERCOM,1
Federal Communications Commission,1
National Highway Traffic Safety Administration,1
Government Accountability Office,1
Federal Aviation Administration,1
Aircraft Communications Addressing and Reporting System,1
Next Generation Air Transportation System,1
CERT Coordination Center,1
Defense Advanced Research Projects Agency,1
Software Engineering Institute,1
Nuclear power in the United States,1
Nuclear Regulatory Commission,2
Nuclear safety and security,1
Nuclear Energy Institute,1
Nuclear power industry,1
Licensee,1
Title 10 of the Code of Federal Regulations,1
Cyberwarfare,6
The Christian Science Monitor,1
Cyberterrorism,2
United States Cyber Command,1
Information technology,1
Security engineering,2
GDPR,1
UK Cyber Security Forum,1
Government of the United Kingdom,1
Cyber Security Agency (Singapore),1
Infocomm Media Development Authority,1
Authorization,2
Login,1
File Transfer Protocol,1
Identification card,1
Biometric,1
Anti-virus software,1
Application software,1
Executable,1
Open source software,1
Attack surface,1
Least privilege,1
Security patch,1
FreeBSD,1
OpenBSD,1
Unix,1
Chroot,1
Linux namespaces,1
Cgroups,1
SELinux,1
AppArmor,1
Java byte code,1
Java virtual machine,1
OS-level virtualization,1
Chain of trust,1
Legal attribution,1
Data integrity,1
Cipher,1
Cryptanalysis,1
Symmetric-key algorithm,1
Shared key,1
Public-key encryption,1
Digital certificate,1
Endpoint security,1
Logfile,1
Local area networks,1
Network segmentation,1
Honeypot (computing),1
Intrusion-detection system,1
Microkernel,1
User space,1
Ping (networking utility),2
Port scan,2
Port (computer networking),1
Key logger,1
Unikernel,1
Cloud computing,1
Virtual machine,2
Zero trust security,1
wikt:academia,1
Distributed denial of service,1
Security and Privacy in Computer Systems,1
Willis Ware,2
Spring Joint Computer Conference,1
Ware Report,1
IBM,1
Creeper and Reaper,2
BBN Technologies,1
ARPANET,1
Ray Tomlinson,1
Markus Hess,1
Netscape,1
National Security Agency,1
Protection,1
Israel,1
Microsoft Windows,1
Ross J. Anderson,1
Annie Anton,1
Adam Back,1
Daniel J. Bernstein,1
Matt Blaze,1
Stefan Brands,1
L. Jean Camp,1
Lorrie Cranor,1
Dorothy E. Denning,1
Peter J. Denning,1
Cynthia Dwork,1
Chuck Easttom,1
Deborah Estrin,1
Joan Feigenbaum,1
Ian Goldberg,1
Shafi Goldwasser,1
Lawrence A. Gordon,1
Peter Gutmann (computer scientist),1
Paul Carl Kocher,1
Monica S. Lam,1
Butler Lampson,1
Brian LaMacchia,1
Susan Landau,1
Carl Landwehr,1
Kevin Mitnick,1
Peter G. Neumann,1
Susan Nycum,1
Paul C. van Oorschot,1
Fred Piper,1
Roger R. Schell,1
Bruce Schneier,1
Dawn Song,1
Gene Spafford,1
Salvatore J. Stolfo,1
Moti Yung,1
Attack tree,1
Bicycle attack,1
CAPTCHA,1
Center for Internet Security,1
Comparison of antivirus software,1
Content Disarm & Reconstruction,1
Content Security Policy,1
Cyber insurance,1
Cyber self-defense,1
Cyberbiosecurity,1
Cybersecurity information technology list,1
Dancing pigs,1
Data security,1
Defense strategy (computing),1
Fault tolerance,1
Hardware security,2
Human–computer interaction (security),1
Identity-based security,1
Information security awareness,1
Internet privacy,1
Internet safety,1
Internet security,2
IT risk,1
IT security standards,1
Cyber kill chain,1
List of computer security certifications,1
List of cyber warfare forces,1
Open security,1
Outline of computer security,1
OWASP,1
Physical information security,1
Privacy software,1
Security through obscurity,1
Software-defined perimeter,1
Encyclopædia Britannica,1
Verizon,2
Request for Comments,1
Fox Business Network,1
CNNMoney,1
CNN Money,1
Business Insider,1
Brian Kantor,1
Stefan Savage,1
Wayback Machine,3
Barack Obama,1
NPR,1
The New York Times,1
CreateSpace Independent Publishing Platform,1
Newton Lee,1
Automotive security,1
Cybersex trafficking,1
Computer fraud,1
Cybergeddon,1
Electronic warfare,1
Information warfare,1
Mobile security,1
Copy protection,1
Digital rights management,1
vectorial version,1
Adware,1
Fork bomb,1
Time bomb (software),1
Zip bomb,1
Hardware backdoor,1
Code injection,1
Cross-site scripting,1
Cross-site leaks,1
DOM clobbering,1
History sniffing,1
Cryptojacking,1
Drive-by download,1
Browser Helper Object,1
Data scraping,1
Email fraud,1
Dialer,1
Insecure direct object reference,1
Voice phishing,1
Polymorphic engine,1
Shellcode,1
Spamming,1
Software bug,1
Hardware Trojan,1
Remote access trojan,1
Vulnerability (computer security),1
Wiper (malware),1
SQL injection,1
Rogue security software,1
Zombie (computing),1
Misuse case,1
Computer access control,1
Multi-factor authentication,1
Computer security software,1
Security-focused operating system,1
Data-centric security,1
Obfuscation (software),1
Data masking,1
Anomaly detection,1
Information security management,1
Information risk management,1
Runtime application self-protection,1
Site isolation,1
Computer science,1
ACM Computing Classification System,1
Printed circuit board,1
Peripheral,1
Very Large Scale Integration,1
System on a chip,1
Green computing,1
Electronic design automation,1
Hardware acceleration,1
Processor (computing),1
List of computer size categories,1
Form factor (design),1
Computer architecture,1
Computational complexity,1
Dependability,1
Real-time computing,1
Network architecture,1
Network protocol,1
Networking hardware,1
Network scheduler,1
Network performance,1
Network service,1
Interpreter (computing),1
Middleware,1
Software quality,1
Programming language theory,1
Programming tool,1
Programming paradigm,1
Programming language,1
Compiler construction,1
Domain-specific language,1
Modeling language,1
Software framework,1
Integrated development environment,1
Software configuration management,1
Library (computing),1
Software repository,1
Software development,1
Control variable (programming),1
Software development process,1
Requirements analysis,1
Software design,1
Software construction,1
Software deployment,1
Software engineering,1
Software maintenance,1
Programming team,1
Open-source software,1
Theory of computation,1
Model of computation,1
Stochastic computing,1
Formal language,1
Automata theory,1
Computability theory,1
Computational complexity theory,1
Logic in computer science,1
Semantics (computer science),1
Algorithm design,1
Analysis of algorithms,1
Algorithmic efficiency,1
Randomized algorithm,1
Computational geometry,1
Computing,1
Discrete mathematics,1
Probability,1
Statistics,1
Mathematical software,1
Information theory,1
Mathematical analysis,1
Numerical analysis,1
Theoretical computer science,1
Information system,1
Database,1
Computer data storage,1
Enterprise information system,1
Social software,1
Geographic information system,1
Decision support system,1
Process control,1
Multimedia database,1
Data mining,1
Digital library,1
Computing platform,1
Digital marketing,1
World Wide Web,1
Information retrieval,1
Formal methods,1
Security service (telecommunication),1
Human–computer interaction,1
Interaction design,1
Social computing,1
Ubiquitous computing,1
Visualization (graphics),1
Computer accessibility,1
Concurrency (computer science),1
Concurrent computing,1
Parallel computing,1
Distributed computing,1
Multithreading (computer architecture),1
Multiprocessing,1
Artificial intelligence,1
Natural language processing,1
Knowledge representation and reasoning,1
Computer vision,1
Automated planning and scheduling,1
Mathematical optimization,1
Control theory,1
Philosophy of artificial intelligence,1
Distributed artificial intelligence,1
Supervised learning,1
Unsupervised learning,1
Reinforcement learning,1
Multi-task learning,1
Cross-validation (statistics),1
Computer graphics,1
Computer animation,1
Extended reality,1
Augmented reality,1
Mixed reality,1
Virtual reality,1
Virtuality,1
Rendering (computer graphics),1
Photograph manipulation,1
Graphics processing unit,1
Image compression,1
Solid modeling,1
Quantum Computing,1
E-commerce,1
Enterprise software,1
Computational mathematics,1
Computational physics,1
Computational chemistry,1
Computational biology,1
Computational social science,1
Computational engineering,1
Health informatics,1
Digital art,1
Electronic publishing,1
Electronic voting,1
Video game,1
Word processor,1
Operations research,1
Educational technology,1
Document management system,1
Outline of computer science,1
